{
    "ret": 0.23576254449211761,
    "mtx": [
        [
            1427.6679014344893,
            0.0,
            628.2870961106903
        ],
        [
            0.0,
            1426.4366660633284,
            495.25485042112985
        ],
        [
            0.0,
            0.0,
            1.0
        ]
    ],
    "dist": [
        [
            0.006080357309180814,
            1.001818750518619,
            -0.0001525573679654315,
            -0.00013427452568446661,
            -3.4231675843175973
        ]
    ],
    "rvecs": [
        [
            [
                0.31636012323082097
            ],
            [
                0.04803030680147998
            ],
            [
                0.1592094401913562
            ]
        ],
        [
            [
                0.666090119750689
            ],
            [
                -0.35832050957383477
            ],
            [
                -0.5152891309535591
            ]
        ],
        [
            [
                -0.1755685369262358
            ],
            [
                -0.37624427920606457
            ],
            [
                -0.05041185280527074
            ]
        ],
        [
            [
                0.25993974335666153
            ],
            [
                0.0178450799647552
            ],
            [
                -1.0004674120527137
            ]
        ],
        [
            [
                -0.021321320714266397
            ],
            [
                0.05728030083646104
            ],
            [
                0.0018944150580550733
            ]
        ],
        [
            [
                0.4889322764983109
            ],
            [
                0.3469672578282541
            ],
            [
                0.5479398362789835
            ]
        ],
        [
            [
                -0.017016563888697312
            ],
            [
                0.058862323376494344
            ],
            [
                -0.0008042400453870089
            ]
        ],
        [
            [
                0.00775413129323352
            ],
            [
                0.01166950251213576
            ],
            [
                1.5469588941242955
            ]
        ],
        [
            [
                -0.018055858453143097
            ],
            [
                -0.6108782762717516
            ],
            [
                0.22237830052931515
            ]
        ],
        [
            [
                0.16280489826776237
            ],
            [
                -0.12075752453097247
            ],
            [
                -1.2790459784616945
            ]
        ],
        [
            [
                0.8334170198733534
            ],
            [
                0.5919962710507919
            ],
            [
                0.7960039774487733
            ]
        ],
        [
            [
                0.22953636759106533
            ],
            [
                0.2356978406099667
            ],
            [
                1.4877280842873681
            ]
        ],
        [
            [
                -0.6948554997169827
            ],
            [
                0.2672380842468759
            ],
            [
                -0.7998252919938766
            ]
        ],
        [
            [
                -0.11539918104767387
            ],
            [
                0.03227818626978191
            ],
            [
                1.3860431321952127
            ]
        ],
        [
            [
                0.002664827451165941
            ],
            [
                0.11330723600568278
            ],
            [
                1.4753419500218508
            ]
        ],
        [
            [
                0.00492504835122827
            ],
            [
                0.07725279798619139
            ],
            [
                1.5587260454570984
            ]
        ],
        [
            [
                -0.05568986868586146
            ],
            [
                0.10074733143577118
            ],
            [
                0.01386456205649658
            ]
        ],
        [
            [
                -0.0824953485175819
            ],
            [
                -0.03925045137650566
            ],
            [
                0.9509189355151114
            ]
        ],
        [
            [
                -0.032083237951377644
            ],
            [
                -0.07759423697284996
            ],
            [
                -0.0066869808116322635
            ]
        ],
        [
            [
                -0.04070668683895744
            ],
            [
                0.009802717370158575
            ],
            [
                0.04086866034837437
            ]
        ],
        [
            [
                -0.8105007985074026
            ],
            [
                -0.29869003096550856
            ],
            [
                0.8288487052339938
            ]
        ],
        [
            [
                -0.2923801318127886
            ],
            [
                0.11757997519905868
            ],
            [
                0.20410672646709116
            ]
        ],
        [
            [
                -0.10460402459405764
            ],
            [
                -0.6530596940513924
            ],
            [
                0.1872669149089386
            ]
        ],
        [
            [
                -0.03568412176320446
            ],
            [
                0.016119948484013658
            ],
            [
                0.029787901930446968
            ]
        ],
        [
            [
                -0.6758904885475943
            ],
            [
                0.14786082376715318
            ],
            [
                -0.5040859172534303
            ]
        ],
        [
            [
                0.049400079247458456
            ],
            [
                0.03763123361882977
            ],
            [
                -0.4604506754914958
            ]
        ],
        [
            [
                -0.22332958724537283
            ],
            [
                0.05295801050751961
            ],
            [
                0.054138095800370364
            ]
        ],
        [
            [
                -0.0756793124944337
            ],
            [
                0.039502017550980685
            ],
            [
                -1.5765606328652821
            ]
        ],
        [
            [
                -0.03825695579677826
            ],
            [
                -0.052110125091273315
            ],
            [
                -0.004977986606414569
            ]
        ],
        [
            [
                -0.012076780863428602
            ],
            [
                0.06403660716604039
            ],
            [
                0.07891570917115669
            ]
        ],
        [
            [
                -0.111960963481113
            ],
            [
                0.07471094879121355
            ],
            [
                0.026609831561103883
            ]
        ],
        [
            [
                -0.002215390106787445
            ],
            [
                0.018371463631157936
            ],
            [
                1.4628705285144754
            ]
        ],
        [
            [
                -0.011951112854095829
            ],
            [
                0.03745972559454574
            ],
            [
                -0.015634833995822515
            ]
        ],
        [
            [
                0.08051752455142532
            ],
            [
                0.11920628449268163
            ],
            [
                -1.4065954274412267
            ]
        ],
        [
            [
                0.7090187534160953
            ],
            [
