{
    "ret": 0.2384959865360954,
    "mtx": [
        [
            1423.1033662810082,
            0.0,
            653.6460611423338
        ],
        [
            0.0,
            1426.6242983073807,
            499.9168694170015
        ],
        [
            0.0,
            0.0,
            1.0
        ]
    ],
    "dist": [
        [
            0.026236431639210633,
            0.9996098211038489,
            -0.0023670157331113157,
            0.0007952400021845474,
            -3.690605634664018
        ]
    ],
    "rvecs": [
        [
            [
                -0.6621929826440804
            ],
            [
                0.234710536798286
            ],
            [
                -0.70805320139185
            ]
        ],
        [
            [
                0.41154067467165645
            ],
            [
                0.11158960275776184
            ],
            [
                0.6506329301796615
            ]
        ],
        [
            [
                -0.7693975697835221
            ],
            [
                0.3490949734610273
            ],
            [
                -0.4267529214352918
            ]
        ],
        [
            [
                -0.14212399227794487
            ],
            [
                0.42671972532516056
            ],
            [
                -1.319909091317079
            ]
        ],
        [
            [
                0.6634941063460152
            ],
            [
                0.19208151817719174
            ],
            [
                0.2238587773582445
            ]
        ],
        [
            [
                -0.1148440526385289
            ],
            [
                -0.008143452217049216
            ],
            [
                0.006864503185712309
            ]
        ],
        [
            [
                -0.05984507777139469
            ],
            [
                0.01749318065334469
            ],
            [
                -0.11465184848737792
            ]
        ],
        [
            [
                -0.019903330627617132
            ],
            [
                0.08317417895500823
            ],
            [
                1.0892088492300627
            ]
        ],
        [
            [
                -0.8504605603354567
            ],
            [
                -0.024042144272309832
            ],
            [
                0.02697463488533104
            ]
        ],
        [
            [
                0.4847267954748668
            ],
            [
                0.442263560385126
            ],
            [
                1.5344808519417645
            ]
        ],
        [
            [
                -0.02430562030316598
            ],
            [
                0.015514380063123695
            ],
            [
                -1.4617470892565247
            ]
        ],
        [
            [
                0.059469583889668394
            ],
            [
                0.19102076735978382
            ],
            [
                0.060701403179238285
            ]
        ],
        [
            [
                -0.03897629608368109
            ],
            [
                0.011325722434481128
            ],
            [
                0.0007267392621994402
            ]
        ],
        [
            [
                0.36256985269452513
            ],
            [
                0.0018069280432306298
            ],
            [
                -0.4466073386454487
            ]
        ],
        [
            [
                -0.057008434628024664
            ],
            [
                -0.09513730972592126
            ],
            [
                1.5421649002743232
            ]
        ],
        [
            [
                0.10786621479049642
            ],
            [
                -0.7733208062617485
            ],
            [
                0.37937631776975567
            ]
        ],
        [
            [
                -0.17542760481937447
            ],
            [
                1.0275433852859832
            ],
            [
                1.2900010066976637
            ]
        ],
        [
            [
                -0.05059576693318874
            ],
            [
                0.02896089895674222
            ],
            [
                0.010511868471316438
            ]
        ],
        [
            [
                -0.735239750547243
            ],
            [
                -0.6928149494156088
            ],
            [
                1.4114558528169359
            ]
        ],
        [
            [
                -0.08642814691735456
            ],
            [
                0.005157915701881309
            ],
            [
                1.5110056026970595
            ]
        ],
        [
            [
                -0.017437057999520358
            ],
            [
                0.30198826570474935
            ],
            [
                -0.07098895614778594
            ]
        ],
        [
            [
                -0.38613480807267964
            ],
            [
                0.11522566534263542
            ],
            [
                -0.05964585394901096
            ]
        ],
        [
            [
                0.8217760169231719
            ],
            [
                -0.08556195844757304
            ],
            [
                -0.08675654071198406
            ]
        ],
        [
            [
                0.5118939024635811
            ],
            [
                -0.8745604878780496
            ],
            [
                1.034670994985936
            ]
        ],
        [
            [
                -0.04386202064034184
            ],
            [
                0.077824621296935
            ],
            [
                0.0127681905360305
            ]
        ],
        [
            [
                0.4954028385029774
            ],
            [
                -0.020672916576104136
            ],
            [
                -0.04203650715113742
            ]
        ],
        [
            [
                -0.10113104550373096
            ],
            [
                0.05516728301137881
            ],
            [
                0.15758557224903913
            ]
        ],
        [
            [
                -0.23597126958834638
            ],
            [
                -0.24308642011559925
            ],
            [
                1.4296748523964025
            ]
        ],
        [
            [
                -0.03790669658221134
            ],
            [
                0.020928327316940165
            ],
            [
                -0.01587583992620279
            ]
        ],
        [
            [
                0.1396123605029577
            ],
            [
                0.014508236718524392
            ],
            [
                -0.29023191793116565
            ]
        ],
        [
            [
                -0.6104967896572304
            ],
            [
                -0.582679100720291
            ],
            [
                -1.342852723159196
            ]
        ],
        [
            [
                -0.06763010581673566
            ],
            [
                0.013380331944074703
            ],
            [
                0.009115554801545758
            ]
        ],
        [
            [
                0.062108228743803125
            ],
            [
                0.06191503616870189
            ],
            [
                -0.06819235727119817
            ]
        ],
        [
            [
                0.02594972356405834
            ],
            [
                0.07871571206824181
            ],
            [
                0.00633198757533879
            ]
        ],
        [
            [
                -0.8372476781084286
            ],
            [
