{
    "tf_mat": [
        [
            1.0083191533630813,
            -0.0045611386938378675,
            -28.058570837271063
        ],
        [
            0.006214349696934574,
            1.0207640105653457,
            786.930034189531
        ]
    ],
    "crop": [
        [
            0,
            1774
        ],
        [
            0,
            1257
        ]
    ],
    "dim": [
        1774,
        1257,
        3
    ]
}